anchor_s1_id	other_s1_id	anchor_name	other_name	anchor_address	other_address	country	anchor_us_state	other_us_state
S1-48693199	S1-865131206	Helios	Helios	19436 Ridge Drive, East Dubuque, IL	66 Edgewood Street, Bridgeport, CT	US	IL	CT
S1-435244647	S1-370715897	Primary Care Physicians Inc	Primary Care Physicians Inc.	3355 Bilby Road, Tucson, AZ	53 Park Lane, Wellsville, NY	US	AZ	NY
S1-828354985	S1-27029362	Global Ministries	Global Ministries	2201 Mcdonald Street, Mckinney, TX	74 429, Stockdale, TX	US	TX	TX
S1-754755175	S1-134898809	Corner Hypnosis	Corner Hypnosis	442 Roosevelt Drive, IN, Evansville	26 Stone Street, Unit 3, Beverly, MA	US	IN	MA
S1-357907472	S1-277072715	Shiva Management Private Limited	Shiva Management Private Limited	C-65-A, G/F, Internal Road, Kalkaji Opp. Homoeo Clinic New Delhi, Delhi, South Delhi, Delhi	D No. 20-6-3/12, Dantuluri Vari Street, Ayodyanagar, Vijayawada (Urban), Krishna, Andhra Pradesh	India		
S1-818550421	S1-514155563	Horizon LLC	Horizon LLC	High Point, NC, 3798 102 Samet Drive	2025 Sterigere Street, West Norriton Township, PA	US	NC	PA
S1-469015779	S1-492467148	Cure Bike Shop!	Cure Bike Shop	12634 74th Avenue, Seattle, WA	1317 University City Boulevard, Unit APT 5, Blacksburg Town, VA	US	WA	VA
S1-413767319	S1-947119891	Prairie Initiative	Prairie Initiative	3031 Valley Avenue, Unit STE 103, Winchester City, VA	15 Bellview Avenue, Brookhaven, NY	US	VA	NY
S1-541325455	S1-708796012	Board of Consumer Affairs	Board of Consumer Affairs	104 Rabbit Hill Road, Marion Twp, PA	122 Dayton Yellow Springs Road, Unit 4, Fairborn, OH	US	PA	OH
S1-918591990	S1-53323215	Raj Consulting Pvt Ltd	Raj Consulting Pvt Ltd	Flat No.15, Varun Complex, Ulka Nagari, Garkheda Parisar, Aurangabad, Maharashtra	701, Dlf Tower A, Jasola New Delhi, Delhi, New Delhi, Delhi	India		
S1-493870199	S1-21084577	Harbor Alliance	Harbor Alliance	2 Dartmoor Court, Olney, MD	45 Goff Street, Corning, NY	US	MD	NY
S1-893337156	S1-269039848	Holy Community Church	Holy Community Church	400 16th Avenue, Buffalo, MN	5546 Cincinnati Dayton Road, Middletown, OH	US	MN	OH
S1-343664229	S1-498738124	Primary Care Medicine	Primary Care Medicine	719 2nd Avenue, Hutchinson, KS	1509 Primrose Lane, Cary, NC	US	KS	NC
S1-125928626	S1-748364403	Eye Group	Eye Group	OH, Southington, 3810 St Rte 305	802 Buffalo Street, Unit 8, Johnson City, TN	US	OH	TN
S1-769341435	S1-417074218	One Constructions Private Limited	One Constructions Private Limited	29/7, 7Th Cross, Maruthi Nagar Madiwala, Bangalore, Karnataka	130, Zahoor Garden, Khaggu Sarai, Sambhal, Moradabad, Uttar Pradesh	India		
S1-319597612	S1-387694500	Bombay Power Private Limited	Bombay Power Private Limited	L5, Uttar Pradesh, Floor - 16Th, F-1603, Smart City Golf Homes, Noida, Gautam Buddha Nagar	No: 32/2, 2Nd Floor, Mcc Towers, Opp To Sigma Soft Tech Park, Whitefield Main Road, Ramagon, Danahalli, Bangalore, Karnataka	India		
S1-359973194	S1-187558029	Asset Building Charities	Asset Building Charities	1026 Perry Avenue, Fl 0, Wichita, KS	2103 Milwaukee Avenue, Minneapolis, MN	US	KS	MN
S1-979542575	S1-356319224	Womens Health Care	Womens Health Care	Gustine, 642 5th Avenue, CA	32 Lexington Avenue, Unit 1, Somerville, MA	US	CA	MA
S1-407479869	S1-342754370	Shree Care Private Limited	Shree Care Private Limited	Pvt Flat At Wb-38 S/F Pvt, Ganesh Nagar Ii Shakarpur, East Delhi, Delhi	1A - 201 Shilpitha Splendour, Bangalore North, Bangalore, Karnataka	India		
S1-624639323	S1-915022305	Cozy Pub	Cozy Pub	2103 Viking Drive, Kinston, NC	3616 Peterson Avenue, Chicago, IL	US	NC	IL
S1-865692410	S1-579617619	Cardiology Center LLC	Cardiology Center LLC	29 Drummers Lane, Bethel, CT	60 Queen Street, Hempstead, NY	US	CT	NY
S1-115252980	S1-881770296	Pediatric Dentistry Clinic Inc	Pediatric Dentistry Clinic, Inc	323 Lake View Boulevard, Winston-salem, NC	4 Snowbell Lane, Worcester, MA	US	NC	MA
S1-269221994	S1-166601186	Pediatric Medicine LLC	Pediatric Medicine LLC	2292 Vaughn Bridge Road, Hartselle, AL	5022 Goose Neck Road, Northwest, NC	US	AL	NC
S1-228343408	S1-363414052	Meify Inc	Meify, Inc	1000 Brightseat Road, Unit 402, Hyattsville, MD	1202 Schreier Road, Unit B, Rossford, OH	US	MD	OH
S1-149682860	S1-576857452	Urban Investment Private Limited	Urban Investment Private Limited	D1, Kamarajar Nagar, A.Jettihalli, Nallampalli, Dharmapuri, Tamil Nadu	709, 7Th Flr, Kosha Kommercial Komplex, Malad East, Mumbai, Maharashtra	India		
S1-386918007	S1-694085192	Internal Medicine Associates	Internal Medicine Associates	Independence, MO, 4120 Jackson Drive, Unit 102	5227 Main Street, Unit 32, Downers Grove, IL	US	MO	IL
S1-597703444	S1-525055772	Summit Network	Summit Network	753 Kimball Drive, Henrietta, NY	8313 Sweet Cherry Lane, Laurel, MD	US	NY	MD
S1-857537939	S1-448345019	Urban Construction Private Limited	Urban Construction Private Limited	701, Supreme Adimaa Building, Boat Club Road, Sangamwadi Pune, Maharashtra India, Pune City, Pune, Maharashtra	Flat No. B1/604, Minar Regency Talao Pali Mumbra, Thane, Maharashtra	India		
S1-978048967	S1-895771779	24HR Towing	24HR Towing	3017 Winterberry Drive, Nolensville, TN	641 Midfield Drive, Maumee, OH	US	TN	OH
S1-129717715	S1-436985273	Corner Pilates	Corner Pilates	9970 42nd Street, Saint Michael, MN	KY, 116 Redwood Drive, Frankfort	US	MN	KY
S1-129336091	S1-459696014	Arihant Builders Private Limited	Arihant Builders Private Limited	Office No. 22, 3Rd Floor, 51/53, Parkar Building, 4Th Kumbharwada, Girgaon, Mumbai, Mumbai City, Maharashtra	11A, Lic Office Ke Piche Indra Nagar, Dibiyapur, Auraiya, Etawa, Uttar Pradesh	India		
S1-404960289	S1-49032225	Lakshmi Builders Private Limited	Lakshmi Builders Private Limited	Plot No. 273/A, Flat No. 301, Vishwas Sahakari Gruha Nirman, Sanst Patel Chowk, Jawahar Road, Ghatkopar East, Mumbai, Maharashtra	D-109, Gauri Shanker Enclave, Prem Nagar-Iii Kirari Suleman Nagar, New Delhi, Delhi	India		
S1-133466682	S1-993357110	Chiropractic Center	Chiropractic Center	387 Main Road, Hampden, ME	416 5th Avenue, East Grand Forks, MN	US	ME	MN
S1-974339821	S1-93806322	New Media Private Limited	New Media Private Limited	C/O Dr Renu Kumari, Pillar, No-66, Nh-20, Manglasthan, Biharsharif, Nalanda, Bihar	Arabikula Street, Chinnakadai Veethi, No. 4, Tamil Nadu, Tiruchirappalli, Trichy	India		
S1-40635913	S1-606480359	Creative Services Private Limited	Creative Services Private Limited	Door No 63/2912, Ground Floor Emerald Mall, Arayaduthupalam, Mavoor Ro, Ad, Kozhikode, Kerala	H.No.8-3-214/1/A-1, Plot No.B2Madhura Nagar, Hyderabad., Andhra Pradesh, Telangana	India		
S1-64251796	S1-24519478	Apex Finance Private Limited	Apex Finance Private Limited	16, 1St Fl, Sitaram Nagar, Soc., Dharam Nagar Road, Surat City, Surat, Gujarat	68A, Pocket-1, Harsh Appartment Sector-10, Dwarka, New Delhi, South West Delhi, Delhi	India		
S1-107063710	S1-338840619	Quartz LLC	Quartz, LLC	1148 Jenifer Street, City Of Madison, WI	602 723, Bldg Residence, Crittenden County, KY	US	WI	KY
S1-989949627	S1-279661956	Historical League	Historical League	4845 Alvin Sperry Road, Nashville, TN	2875 Jackdaw Drive, Bend, OR	US	TN	OR
S1-242422617	S1-330281696	New International Private Limited	New International Private Limited	101 Jaisingh Business Center, 1St Floor 119/12 Parsiwada Sahar Road Off W. E. Highway, Andheri E, Mumbai, Mumbai City, Maharashtra	B-148, Vikas Vihar Vikas Nagar, Uttam Nagar, New Delhi, West Delhi, Delhi	India		
S1-224801545	S1-75862106	Department of Environmental Protection	Department of Environmental Protection	625 Pine Valley Lane, Unit 203, Toledo, OH	1122 Wankan Road, Nacogdoches, TX	US	OH	TX
S1-663452912	S1-198026451	Shivam Producer Private Limited	Shivam Producer Private Limited	304, Third Floor, S/O Ali Hussain Dalal, Girwa, Udaipur, Rajasthan	Karnal, Shop No. 34 Sbs Market, Haryana, Karnal	India		
S1-309726488	S1-90032658	Fortune Energy Private Limited	Fortune Energy Private Limited	A-50 Fateh Nagar, Second Floor, New Delhi, West Delhi, Delhi	F No.201, Keshavkala Appt, Sauth Ambazari Rd, Rahate, Nagpur, Maharashtra	India		
S1-576092353	S1-402046621	Family Clinic	Family Clinic	111 Scenic View Road, Nashville, TN	VA, 23037 Olympia Drive, Loudoun County	US	TN	VA
S1-127599213	S1-780502827	Congregation Community Church	Congregation Community Church	455 Sullivan Street, Unit 126, Kingsport, TN	WI, Unit Site 69, Town Of Alma, N11702 Elker Road	US	TN	WI
S1-279776730	S1-804663373	Universal Management Private Limited	Universal Management Private Limited	Ward No - 4, House No - 136, Plot No 26, Shitalwadi, Nagpur, Maharashtra	100 Ft Bye Pass Road, Chennai, Chennai City Corporation, 127, Tamil Nadu	India		
S1-755377320	S1-636549603	Family Physicians Inc	Family Physicians Inc	Fair Oaks, 4037 Bridge Street, CA	1024 31st Avenue, Bellwood, IL	US	CA	IL
S1-933827626	S1-147465602	Apex Foods Private Limited	Apex Foods Private Limited	At & Post Dediapada Taluka : Dediapada, Dediapada, Narmada, Gujarat	25A, Model Town, Phagwara, Kapurthala, Punjab	India		
S1-645165628	S1-97581850	Green Exports Private Limited	Green Exports Private Limited	H.No. 1-23-11, Zaidi Lane, Deodi Bazar Ambari Masjid, Aurangabad, Maharashtra	B-3, B-71C, Janakpuri, New Delhi, West Delhi, Delhi	India		
S1-277576098	S1-832593986	Bureau of Health	Bureau of Health	8023 Shiny Meadow Lane, Charlotte, NC	370 Buckeye Circle, La Plata, MD	US	NC	MD
S1-12347719	S1-543291404	Southern Technologies Private Limited	Southern Technologies Private Limited	205/Vasant Vihar Complexnear Basant Cinema Chembur, Mumbai, Bandra Suburban, Maharashtra	Excelsior Building Thengana, Perumpanachy P.O., Changanacherry, Kottayam, Kerala	India		
S1-174698594	S1-878904744	Downtown Ice Cream	Downtown Ice Cream	7972 39th Avenue, Seattle, WA	138 23rd Avenue, Melrose Park, IL	US	WA	IL
S1-240258893	S1-904228116	Office of Aging	Office of Aging	7412 Rayfords Court, Liberty, NC	2637 Greenbrier Drive, Hinton, WV	US	NC	WV
S1-131774832	S1-164240371	Family Association	Family Association	IL, Monee, 25812 Governors Highway	OH, Fl 3, Columbus, 5059 Enclave Boulevard	US	IL	OH
S1-778232163	S1-8813651	High Industries Private Limited	High Industries Private Limited	Flat No.9, Door No.26, Sri Vigneshwara Castle, Ganga Kaveri Street, Ramakrishna Nagar E, Xtn.Porur, Chennai, Tamil Nadu	42/333 Sant Tukaram Nagar, Pimpri, Pune, Maharashtra	India		
S1-217283823	S1-566485202	New Life Synagogue	New Life Synagogue	5101 Redonda, Phoenix, AZ	2035 Litchfield Dr, Hiawatha, IA	US	AZ	IA
S1-281873145	S1-410040347	Temple Synagogue	Temple Synagogue	355 Old Farm Road, Danville, IN	10202 W Maple Road, Omaha, NE	US	IN	NE
S1-67183289	S1-60629534	Delta Center	Delta Center	1280 Evanston Road, Tipp City, OH	26 Brookdale Street, Valley Falls, RI	US	OH	RI
S1-133093664	S1-189831319	Jai Foods Private Limited	Jai Foods Private Limited	Site No-10, Krishna Nagar Layout, Hosur Road, Tavarekere, Bangalore, Karnataka	Netawar, Post - Belaon, Siwan, Siwan, Bihar	India		
S1-633789041	S1-464514986	Valley Fund	Valley Fund	150 Garfield Street, Unit 211, Mt Angel, OR	97 Cass Avenue, Cheektowaga, NY	US	OR	NY
S1-219612403	S1-804171096	Uptown Yoga	Uptown Yoga!	11 Robbye Lane, Searcy, AR	8001 Coastal Highway, Unit C, Ocean City, MD	US	AR	MD
S1-221652747	S1-364278564	Mount Chapel	Mount Chapel	4032 Oak Cliff Road, Memphis, TN	151 32 Parkway, Mt Orab, OH	US	TN	OH
S1-241674945	S1-112860356	Good Logistics Private Limited	Good Logistics Private Limited	Door No. 59/1186, Yamuna, Arcade, First Floor, Kozhikode, Kerala	Office No 1405, Kamdhenu Commerz Premises, Sector 14, Plot No 02, Panvel, Raigarh(Mh), Maharashtra	India		
S1-303111370	S1-304297041	Shivam Projects Private Limited	Shivam Projects Private Limited	594-H/Kn-116/57, Vijay Nagar, Lucknow, Uttar Pradesh	Howrah, Kolkata, Ground Floor Princeton Club 26 Prince Anwar Shah Road, West Bengal, Kolkata	India		
S1-746573330	S1-192345497	Wildlife Center	Wildlife Center	4543 Tualatin Valley Highway, Unit #A, Hillsboro, OR	7 Demar Road, Lexington, MA	US	OR	MA
S1-371756607	S1-622515318	City Food Private Limited	City Food Private Limited	D-242 Office No S 10B, Uttar Pradesh, Sector 63, Gautam Buddha Nagar, Noida	Telangana, K.V.Rangareddy, Serilingampally, Fno B 305 3Rd Floor, Ramky One Kosmos	India		
S1-696458071	S1-684624531	Raj Global Private Limited	Raj Global Private Limited	P5, Kanchipuram, Tamil Nadu, Tambaram, Senthil Avenue Main, Road, Kamarajapuram	C/O Lhadom Wangdi, Patel Road, Behind Sn Bose, Siliguri, Darjiling, Darjeeling, West Bengal	India		
S1-782775040	S1-296323848	Modern Consulting Private Limited	Modern Consulting Private Limited	Flat No 20, Ist Floor Mig Flats, Ashok Appt Pkt-11-A Sector-23, Rohini, New Delhi, West Delhi, Delhi	Bangalore Rural, Bengaluru, Karnataka, 29/1 Ground Floor Hosur Main Road Old Chandapura Anekal Taluk	India		
S1-873567384	S1-231416129	Midwest Association	Midwest Association	4964 300, Winchester, IN	Unit STE 101, TX, 1404 Clarewood Drive, San Marcos	US	IN	TX
S1-711553494	S1-831133424	Metropolitan Trust	Metropolitan Trust	1758 Euclid Avenue, Camarillo, CA	175 Amherst Mobile Homes, Amherst, OH	US	CA	OH
S1-268575400	S1-476385483	Urology Pioneer Associates LLC	Urology Pioneer Associates LLC	21 Worcester Street, West Springfield, MA	1365 Western Avenue, Unit Apartment 15, Saint Paul, MN	US	MA	MN
S1-363820914	S1-359497386	Shakti Global	Shakti Global	West Bengal, Kolkata, Howrah, 111, Diamond Harbour Road Kadamtalla	2-40-314/C Ambedkar Nagar, Balamrai, Gymkhana, Hyderabad, Telangana	India		
S1-150137012	S1-2106291	Jai Producer Private Limited	Jai Producer Private Limited	Ambala, 527 Shakti Nagar, Manav Chowk, Haryana, Ambala	Vishalaxmipur, Ashram More 24 Kakdweep Parganas South Wb, Kakdweep, Parganas South, West Bengal	India		
S1-745499594	S1-558634684	Prime Food Private Limited	Prime Food Private Limited	Village Dighal, Tahsil Beri Pana, Malayan, Near Prajapati Chopal Jhajjar Hr, Jhajjar, Haryana	Plot No. 23, Zone-1 M.P. Nagar, Bhopal, Madhya Pradesh	India		
S1-263511904	S1-812486340	Fortune Consultants Private Limited	Fortune Consultants Private Limited	Shakti Towers 1, 766, Chennai, Tamil Nadu	House No. 6, Road No. 5, East Punjabi Bagh, New Delhi, West Delhi, Delhi	India		
S1-428769285	S1-68456921	Dynamic Hospitality Private Limited	Dynamic Hospitality Private Limited	Mumbai, Pl 11-12 Sector-6, Symphony, Kharghar, Raigarh, Fl 1104/1105/1106, Maharashtra	2Nd Floor, Trivedi Bhawan, Pghpl Group Campus, Opp. Western Gate A.N. College, Boring R, Oad, Patna, Bihar	India		
S1-554717028	S1-17339733	Pediatric Dentistry Care Associates Inc	Pediatric Dentistry Care Associates Inc	5201 Strawberry Lane, Sacramento, CA	Norwich, CT, 59 Grant Court	US	CA	CT
S1-287939564	S1-722883348	Red Nails LLC	Red Nails LLC	69 Brigham Road, Unit 1, Worcester, MA	1319 Ety Pointe Drive, Lancaster, OH	US	MA	OH
S1-56924340	S1-960756168	Board of Public Works	Board of Public Works	2944 Barnett Road, Fl 1, Medford, OR	13265 601, Midland, NC	US	OR	NC
S1-20679272	S1-793019850	Rocky Trust LLC	Rocky Trust, LLC	3829 24th Street, Omaha, NE	846 217, Claverack, NY	US	NE	NY
S1-575423464	S1-753180274	Helios LLC	Helios LLC	850 Elaine Drive, Anchorage, AK	306 Wrights Lane, Bldg BRIAN GRIFFITH DENTISTRY, Prestonsburg, KY	US	AK	KY
S1-438244325	S1-334052695	Guru Constructions Private Limited	Guru Constructions Private Limited	Kh. No. 678, First Floor Extended Lal Dora, Baba Colony, Village, Burari, Delhi, North Delhi, Delhi	Plot No 13, Pushpak Nagar, Lokhande Mala, Nashik, Maharashtra	India		
S1-104253285	S1-95925372	Temple Presbyterian Church	Temple Presbyterian Church	MD, Elkton, 728 Pulaski Highway	11802 Hickory Drive, Fort Washington, MD	US	MD	MD
S1-329118645	S1-487154804	Behavioral Health Medicine LLC	Behavioral Health Medicine LLC	4805 Heath Trails Road, Hilliard, OH	2770 163, Colorado City, TX	US	OH	TX
S1-658578106	S1-274090278	Baba Marketing Private Limited	Baba Marketing Private Limited	B-309 Shivshakti Apartment Road No 9 Raghunath Nagar, Maharashtra, Thane West, Thane	Hyderabad, H No 4-6-158/44 Plat No 44 Durga Nagar Nacharam, Hyderabad, Telangana	India		
S1-866734112	S1-606725408	Green Consulting Pvt Ltd	Green Consulting Pvt Ltd	9-9-42 Reddy Colony Champapet, Hyderabad, Telangana	M-171, Greater Kailash-Ii, New Delhi, Delhi	India		
S1-480886603	S1-639012333	Oncology Care	Oncology Care	33 Midcoast Road, Unit Apartment 1, Damariscotta, ME	1809 Spencer Street, Greensboro, NC	US	ME	NC
S1-664970360	S1-220020462	Red Pizza	Red Pizza	2080 Franklin Street, VA, Franklin County	15 Wells Avenue, East Hartford, CT	US	VA	CT
S1-9024259	S1-881005414	Liberty Montessori School	Liberty Montessori School	512 Driftwood Drive, Lobelville, TN	217 Talahi Road, Vienna Town, VA	US	TN	VA
S1-48924734	S1-589253257	Future Management Private Limited	Future Management Private Limited	6D1, 6Th Floor, D Wing, Gundecha Onclave Sakinaka, Andheri-East, Mumbai, Mumbai, Mumbai City, Maharashtra	C/O Shalini Singh, Village-Rampur Post- Bacchawan, Varanasi, Uttar Pradesh	India		
S1-569940962	S1-445455950	Blue Bike Shop	Blue Bike Shop	11042 Belleview Avenue, Kansas City, MO	807 Jackson Boulevard, Unit 1-3, Jonesborough, TN	US	MO	TN
S1-854291295	S1-402994011	Puhl Global, Inc	Puhl Global, Inc	8 Alfred Drive, Colonie, NY	1411 Seneca Court, Granbury, TX	US	NY	TX
S1-982112257	S1-549086594	Sun Marketing Private Limited	Sun Marketing Private Limited	C/O Taral Gujarabhai Lallubhai House, Lambadiya, Khedbrahma, Sabarkantha, Sabar Kantha, Gujarat	D- 8, Gf, Pandav Nagar, East Delhi, Delhi	India		
S1-202537287	S1-947166860	Apoorva Works Private Limited	Apoorva Works Private Limited	No. 51 Sanjeevappa Layout, Bangalore, Karnataka, Bangalore, Jai Bharath Nagar Banaswadi Road	22/2791, Old Y Block, 6Th Street 12Th Main Road, Anna Nagar, Chennai, Tamil Nadu	India		
S1-19677536	S1-232082545	Pinnacle LLC	Pinnacle LLC	107 Wood Green Drive, Wendell, NC	1656 Crooked Fork Road, Weston, WV	US	NC	WV
S1-290978153	S1-341291980	Oncology Care LLC	Oncology Care LLC	724 Sunrise Avenue, Hempstead, NY	8905 Penrith Drive, Spotsylvania County, VA	US	NY	VA
S1-823591537	S1-594141325	Veterans Center LLC	Veterans Center LLC	6821 Claret Drive, Prescott, AZ	1940 Mary Queen Road, City Of Green Bay, WI	US	AZ	WI
S1-174670155	S1-942011133	Modern Systems Private Limited	Modern Systems Private Limited	A-6 Sector-16, Noida, Gautam Buddha Nagar, Uttar Pradesh	196-A Gujrat Societykanta Kunj Sion West, Mumbai, Maharashtra	India		
S1-426465449	S1-561269090	Sirius	Sirius	21855 Beeheim Road, City Of New Berlin, WI	9102 Trickle Trace Trail, Round Rock, TX	US	WI	TX
S1-39011993	S1-398084502	Halcyon LLC	Halcyon LLC	1655 Carrie Street, Schenectady, NY	6600 Capitol Drive, Greenbelt, MD	US	NY	MD
S1-587737778	S1-435735212	Juniper	Juniper	3121 4th Avenue, Chattanooga, TN	12831 6th Street, Unit Suite B, Lillian, AL	US	TN	AL
S1-471672733	S1-51590630	Cobalt Inc	Cobalt Inc	2535 Kingman Avenue, Kingman, AZ	936 Cascades Drive, Mckinney, TX	US	AZ	TX
S1-635986818	S1-684205378	Primary Care Health	Primary Care Health	809 Fell Avenue, Unit 7, Normal, IL	633 Main Street, Cairo, OH	US	IL	OH
S1-201921181	S1-149302771	Dermatology Associates Inc.	Dermatology Associates Inc	8158 Howard Drive, Houston, TX	660 Forest Glen Drive, Valparaiso, IN	US	TX	IN
S1-746573330	S1-645147697	Wildlife Center	Wildlife Center	4543 Tualatin Valley Highway, Unit #A, Hillsboro, OR	1020 43rd Street, Minot, ND	US	OR	ND
S1-907241554	S1-30166617	New Life Cathedral	New Life Cathedral	545 Main Street, Massena, NY	Houston, TX, 5610 Truett Street	US	NY	TX
S1-71312215	S1-279736597	Atlantic Coalition II LLC	Atlantic Coalition II LLC	3210 114th Street, Cleveland, OH	210 Beech Street, Newport, KY	US	OH	KY
S1-569244913	S1-482286138	Dermatology Care Associates	Dermatology Care Associates	154 Wilson Avenue, Rainsville, AL	35080 N Fork Road, Kenai Peninsula Borough, AK	US	AL	AK
S1-642825023	S1-486296456	Asset Building Fellowship	Asset Building Fellowship	5726 Northcrest Drive, Fort Wayne, IN	1510 Beaumont Street, Sheppard Afb, TX	US	IN	TX
S1-390941040	S1-706591875	Congregation Lutheran Church	Congregation Lutheran Church	7819 Rectory Lane, Fairfax County, VA	Unit 22, 7905 Crows Nest Court, Laurel, MD	US	VA	MD
S1-770254844	S1-630839433	Chiropractic Associates Inc	Chiropractic Associates Inc.	Richardson, 309 Nottingham Drive, TX	511 55th Street, Renton, WA	US	TX	WA
S1-227676129	S1-927776130	Golden Hypnosis	Golden Hypnosis	245 College Avenue, Unit Apartment 3, City Of Waukesha, WI	2194 Kevos Pond Drive, Poulsbo, WA	US	WI	WA
S1-101231145	S1-829420372	Dental Physicians LLC	Dental Physicians LLC	202 Forest Drive, Erwin, NY	245 Indian Lake Boulevard, Unit E308, Hendersonville, TN	US	NY	TN
S1-119302816	S1-924467624	Midwest Federation	Midwest Federation	532 Amanda Faith Lane, Mount Holly, NC	6815 Hartwood Lane, Fairfax County, VA	US	NC	VA
S1-247549072	S1-340929942	Board of Environmental Protection	Board of Environmental Protection	2456 Fm 1537, Sulphur Springs, TX	157 Winterbrook Court, Winston-salem, NC	US	TX	NC
S1-644409969	S1-181290919	Ear Nose & Throat Partners	Ear Nose & Throat Partners	584 1800, Provo, UT	WV, Ranson, 10203 Charles Town Road	US	UT	WV
S1-666128844	S1-360909582	Coastal School of Medicine	Coastal School of Medicine	46 Vineridge Road, Chapmanville, WV	3 Astor Ridge Drive, Unit Unit D, Amherst, NY	US	WV	NY
S1-57783433	S1-496346323	Family Ministries	Family Ministries	57-81 228 Street, Oakland Gardens, NY	124 Thompson Drive, Kings Mountain, NC	US	NY	NC
S1-505591359	S1-481652414	Trinity Presbyterian Church	Trinity Presbyterian Church	8398 150, Mill Creek, IN	1013 3rd Avenue, Unit #5, Puyallup, WA	US	IN	WA
S1-802247711	S1-823023497	Pediatric Physicians	Pediatric Physicians	1734 Harbor Drive, AL, Mobile	1221 Spruce Drive, Zebulon, NC	US	AL	NC
S1-586698345	S1-686329764	Heritage Trust	Heritage Trust	620 Billings Trail, Dothan, AL	182 Jackson Street, Unit UNIT B, Rialto, CA	US	AL	CA
S1-258676176	S1-556845820	Monarch Inc	Monarch, Inc	119 Mesa Court, Vacaville, CA	8557 Cliffdale Road, Fayetteville, NC	US	CA	NC
S1-686813587	S1-165673175	Tri-State Foundation	Tri-State Foundation	2014 Alegria Road, Austin, TX	876 Hoover Hill Road, Unit 7, Asheboro, NC	US	TX	NC
S1-115902163	S1-475934373	Pacific League	Pacific League	1900 Doris Drive, Kettering, OH	1230 32nd Street, Des Moines, IA	US	OH	IA
S1-206168252	S1-915189817	Global Trust	Global Trust	14388 Westminister Lane, Unit UNIT 12, Prince William County, VA	Redlands, CO, 620 19 1/2 Road	US	VA	CO
S1-471513212	S1-453939454	Pediatric Dentistry Care Associates LLC	Pediatric Dentistry Care Associates LLC	1574 21st Street, Merced, CA	154 Rapor Ridge Road, Wythe County, VA	US	CA	VA
S1-137448076	S1-744315333	Vision Associates LLC	Vision Associates LLC	6425 Barbara Street, Ellettsville, IN	660 Olive Avenue, Stratford, OK	US	IN	OK
S1-979542575	S1-130377203	Womens Health Care	Womens Health Care	Gustine, 642 5th Avenue, CA	1811 Sandy Hollow Road, Rockford, IL	US	CA	IL
S1-457698956	S1-956930131	Womens Health Partners, LLC	Womens Health Partners, LLC	494 Hub Boulevard, Unit 1421, Bowling Green, KY	2100 Fairfield Drive, Joliet, IL	US	KY	IL
S1-667054764	S1-601242427	Housing Charities	Housing Charities	Maricopa, 46040 Starlight Drive, AZ	KY, 701 Monroe Street, Unit APARTMENT B, Newport	US	AZ	KY
S1-81191380	S1-375669649	Prairie Golden Towing	Prairie Golden Towing	628 Krenz Avenue, Cary, IL	6344 Ramblewood Drive, Mentor, OH	US	IL	OH
S1-675868948	S1-585187511	Urgent Care Health	Urgent Care Health	420 4th Avenue, Unit A, Ketchum, ID	459 Electric Avenue, Unit UNIT I, Bigfork, MT	US	ID	MT
S1-299353273	S1-148958598	Behavioral Health Partners Inc.	Behavioral Health Partners Inc	885 La Cadena Drive, Colton, CA	185 Locust View Way, Troy, OH	US	CA	OH
S1-179513019	S1-979860618	Family Center	Family Center	3221 Montrose Street, Huntsville, AL	840 Norton Road, Berlin, CT	US	AL	CT
S1-543722586	S1-327553650	Urban Ice Cream	Urban Ice Cream	2925 2nd Avenue, Hibbing, MN	322 Woodhills Boulevard, West Carrollton, OH	US	MN	OH
S1-658294644	S1-194603851	South Family Practice	South Family Practice	9 Nelson Street, Unit Apartment 4, Yonkers, NY	5185 Devon Drive, North Olmsted, OH	US	NY	OH
S1-949822203	S1-458223959	Happy Cleaning Service	Happy Cleaning Service	20886 Hereford Avenue, Bend, OR	1338 Mordecai Overlook Circle, Raleigh, NC	US	OR	NC
S1-174062152	S1-545790155	Corner Deli	Corner Deli	60 Bittner Street, Rochester, NY	410 Margaret Drive, Herrin, IL	US	NY	IL
S1-899404213	S1-631152952	First Lutheran Church	First Lutheran Church	206 Arbon Court, New Bern, NC	595 Hicks Road, Unit E, Nashville, TN	US	NC	TN
S1-280835870	S1-84838337	Little Hair Studio!	Little Hair Studio	3533 Girard Avenue, Minneapolis, MN	20458 Crosslin Road, Earlsboro, OK	US	MN	OK
S1-818550421	S1-803590345	Horizon LLC	Horizon LLC	High Point, NC, 3798 102 Samet Drive	1109 Pea Ridge Road, Huntington, WV	US	NC	WV
S1-181484740	S1-57859332	Cinder LLC	Cinder LLC	114 Village Common, Fishkill, NY	3985 Galloway Drive, Memphis, TN	US	NY	TN
S1-283747405	S1-905986016	Office of Parks and Recreation	Office of Parks and Recreation	159 River Street, Upton, MA	18567 Split Rock Lane, Germantown, MD	US	MA	MD
S1-536649318	S1-244454509	Metro Institute	Metro Institute	43 Valley Road, Greenwich, CT	39688 Quintero Lane, Peoria, AZ	US	CT	AZ
S1-594413022	S1-958740646	Happy Ice Cream	Happy Ice Cream	1162 Stone Ridge Drive, Unit B, Columbus, OH	TX, Dublin, 425 Eagle Street	US	OH	TX
S1-301459136	S1-994904668	Heartland Committee, Inc	Heartland Committee Inc.	61 White Pine Circle, Unit UNIT 101, Stafford County, VA	8808 189th Avenue Court, Bonney Lake, WA	US	VA	WA
S1-170855832	S1-622874768	Urban Diner LLC	Urban Diner LLC	7916 Vandemere Court, Raleigh, NC	64 Lovering Avenue, Unit Apartment 2, Buffalo, NY	US	NC	NY
S1-51925713	S1-317854633	The Dent Ice Cream	The Dent Ice Cream	1672 Timber Trail, City Of Chippewa Falls, WI	3254 Richardson Place Road, Unit APT 6, Arnold, MO	US	WI	MO
S1-260604505	S1-892577020	Delta Project	Delta Project	5355 Ebright Road, Canal Winchester, OH	Avon, IN, 562 Dylan Drive	US	OH	IN
S1-669522598	S1-905507550	Chiropractic Medicine	Chiropractic Medicine	103 Robin Lane, Carlisle, KY	2227 Baltimore Avenue, Muskogee, OK	US	KY	OK
S1-155083318	S1-981091224	Physical Therapy Partners Care	Physical Therapy Partners Care	5520 Tomahawk Drive, Unit G, Greensboro, NC	2144 Madison Street, Chicago, IL	US	NC	IL
S1-612107385	S1-418514604	Family Committee	Family Committee	1817 71st Street, Chicago, IL	3005 207, Flatwoods, KY	US	IL	KY
S1-734757526	S1-840218727	Heritage Design Industries LLC	Heritage Design Industries LLC	5918 Smith Road, OH, Brook Park	1111 Innsbrook Lane, Buffalo, MN	US	OH	MN
S1-341852453	S1-871302092	Cure Hypnosis	Cure Hypnosis!	Urbana, OH, 411 Railroad Street	2811 Monthaven Drive, Arlington, TX	US	OH	TX
S1-55178221	S1-967577604	Animal Welfare Council	Animal Welfare Council	6555 1000, Brownsburg, IN	451 Ethan Court, Newport News City, VA	US	IN	VA
S1-776672018	S1-530687623	Dermatology Center	Dermatology Center	1622 Riverdale Drive, Fl 0, Edgewater, MD	288 Mistletoe Lane, Vincent, AL	US	MD	AL
S1-281873145	S1-974185394	Temple Synagogue	Temple Synagogue	355 Old Farm Road, Danville, IN	10932 Bells Ridge Drive, Potomac, MD	US	IN	MD
S1-227750937	S1-846870843	Surgical Physicians LLC	Surgical Physicians LLC	11420 Todhunter Road, Leesburg, OH	75 Cottonwood Road, Wake Forest, NC	US	OH	NC
S1-730406535	S1-378245327	Dental Center	Dental Center	513 N Star Road, Mooers, NY	12814 175th Avenue, Monroe, WA	US	NY	WA
S1-834310926	S1-938749335	Physical Therapy Specialists LLC	Physical Therapy Specialists LLC	1505 Rolling Road, Unit APARTMENT 110, Catonsville, MD	TX, 205 Pecan Street, Keller	US	MD	TX
S1-134765755	S1-514423627	Valley Coalition	Valley Coalition	Springdale, AR, 20591 Sonora Road	9628 Laurel Lane, Fl 1, Scottsdale, AZ	US	AR	AZ
S1-554652027	S1-543722172	Surgical Care, LLC	Surgical Care LLC	14758 Via Sorrento Drive, Charlotte, NC	3117 Lamont Street, Tyler, TX	US	NC	TX
S1-196781452	S1-857865367	Office of Consumer Affairs	Office of Consumer Affairs	17 Tallwoods Road, North Castle, NY	2885 Savannah Drive, Aurora, IL	US	NY	IL
S1-344483767	S1-615144404	Behavioral Health Specialists	Behavioral Health Specialists	514 Springfield Pike, Springfield, WV	384 Rawls Creek Road, Gordonsville, TN	US	WV	TN
S1-707200563	S1-355360961	Internal Medicine Center	Internal Medicine Center	107 Howard Circle, Unit A, Greenville, NC	7 Third Street, Andover, NY	US	NC	NY
S1-700379830	S1-20023045	Economic Development Federation	Economic Development Federation	3607 Nuttree Woods Drive, Chesterfield County, VA	7015 Milagro Circle, Mesa, AZ	US	VA	AZ
S1-620678354	S1-986280179	Bureau of Parks and Recreation	Bureau of Parks and Recreation	1161 Boxwood Drive, Crystal Lake, IL	MA, Unit 1, Everett, 215 Hancock Street	US	IL	MA
S1-428584262	S1-484133102	Redwood Inc.	Redwood Inc	886 Morella Road, Trimble, TN	AZ, Rimrock, 5495 Bentley Drive	US	TN	AZ
S1-118403065	S1-793510573	Commission on Labor	Commission on Labor	10498 N Frontage Road, Unit 57, Yuma, AZ	4117 Oakstone Drive, Smyrna, TN	US	AZ	TN
S1-244411872	S1-357344139	Holy Israel	Holy Israel	89 Hidden Hill Road, New Hartford, CT	Fair Oaks, CA, 5337 Sunrise Boulevard	US	CT	CA
S1-132880363	S1-306949675	Womens Health Partners	Womens Health Partners	5 Warren Avenue, Bedford, MA	4109 Tudor Road, Upper Marlboro, MD	US	MA	MD
S1-255113999	S1-377101770	Little Pub	Little Pub	209 Sumner Street, Unit 63, Boston, MA	NC, 1917 20th Street Circle, Hickory	US	MA	NC
S1-593377275	S1-550246730	Division of Housing	Division of Housing	130 Leeward Court, Vacaville, CA	6830 Longview Drive, New Kent County, VA	US	CA	VA
S1-611881336	S1-402426509	American Network	American Network	121 7th Street, Sioux Center, IA	NC, 1402 Old Mill Farm Road, Lexington	US	IA	NC
S1-452989052	S1-913982291	White, Gomez & Lomax	White, Gomez & Lomax	1120 Shadowview Way, Unit APT D, Indianapolis, IN	1320 Buffalo Road, Unit Suite 114, Gates, NY	US	IN	NY
S1-268575400	S1-14738221	Urology Pioneer Associates LLC	Urology Pioneer Associates LLC	21 Worcester Street, West Springfield, MA	1903 Gloucester Point Drive, Gloucester County, VA	US	MA	VA
S1-244411872	S1-89687386	Holy Israel	Holy Israel	89 Hidden Hill Road, New Hartford, CT	1 Crabtree Court, Unit APARTMENT A, Nottingham, MD	US	CT	MD
S1-824611416	S1-480806934	Ridge Fellowship	Ridge Fellowship	6621 Shasta Street, Picacho, AZ	114 Timber Top Drive, Spring, TX	US	AZ	TX
S1-146373007	S1-980395056	Maid Tavern!	Maid Tavern!	31 Cardogan Square, Penfield, NY	1596 Eloisa Lane, Thatcher, AZ	US	NY	AZ
S1-594651635	S1-988321030	Primary Care Associates LLC	Primary Care Associates LLC	8366 Little England Road, Gloucester County, VA	405 Oak Street, Unit Ste 5, Conway, AR	US	VA	AR
S1-520944543	S1-694137400	1 800 Got Junk	1 800 Got Junk	630 Chip Court, Gurnee, IL	VA, Carroll County, 13 Litteral Valley Park	US	IL	VA
S1-426680284	S1-33022604	Little Tattoo	Little Tattoo	2111 John Arthur Road, Franklin County, VA	844 Harvest Circle, Horace, ND	US	VA	ND
S1-846240479	S1-299640596	Anvil LLC	Anvil LLC	321 31st Avenue, Unit 313, Nashville, TN	14907 Carrolton Road, Rockville, MD	US	TN	MD
S1-207162091	S1-299434720	Twisted Bike Shop	Twisted Bike Shop	808 Havenwood Court, Raleigh, NC	2015 Glenview Road, Glenview, IL	US	NC	IL
S1-806275532	S1-82768236	Sirius LLC	Sirius LLC	645 Mallory Avenue, Memphis, TN	Seneca, IL, 250 Hillsman Lane	US	TN	IL
S1-860675033	S1-899064578	Pacific Ministries LLC	Pacific Ministries LLC	8622 Peppertree Lane, Knoxville, TN	5675 Regent Street, Town Of Hull, WI	US	TN	WI
S1-201033913	S1-932318328	Department of Parks and Recreation	Department of Parks and Recreation	403 Stanford Street, Lancaster, KY	241 Elm Street, Watsonville, CA	US	KY	CA
S1-261004875	S1-522543700	Dermatology Specialists LLC	Dermatology Specialists LLC	Glenview, 408 Warren Road, IL	405 Lee Avenue, Colonial Heights City, VA	US	IL	VA
S1-154130027	S1-389534645	Lucky Diner!	Lucky Diner	9391 River Oaks Lane, Orangevale, CA	209 12th Street, IL, Cairo	US	CA	IL
S1-406709580	S1-343224704	Tri-State Program	Tri-State Program	765 Coldwater Drive, Clayton, DE	1853 Sunburst Road, Show Low, AZ	US	DE	AZ
S1-471672733	S1-258463054	Cobalt Inc	Cobalt Inc	2535 Kingman Avenue, Kingman, AZ	CA, Sacramento, 6312 Oakridge Way	US	AZ	CA
S1-378147874	S1-465331031	Sapphire Inc	Sapphire Inc.	120 St Albans Drive, Unit 489, Raleigh, NC	21 Hoyt Drive, Conway, AR	US	NC	AR
S1-240258893	S1-910195628	Office of Aging	Office of Aging	7412 Rayfords Court, Liberty, NC	107 Portland Street, Morristown, VT	US	NC	VT
S1-58295225	S1-586348044	Aurora LLC	Aurora LLC	220 Downer Place, Unit #308, Aurora, IL	Frankfort, 2348 Albany Road, NY	US	IL	NY
S1-894169062	S1-448582547	Bartlett Family Practice	Bartlett Family Practice	7600 Birdie Court, Sacramento, CA	3261 George Ii Highway, Boiling Spring Lakes, Unit B, NC	US	CA	NC
S1-292426649	S1-827516507	Obsidian LLC	Obsidian LLC	111 Adrian Place, Atlanta, GA	3949 Santa Anna Place, San Luis, AZ	US	GA	AZ
S1-515822124	S1-752971281	Physical Therapy Associates Inc.	Physical Therapy Associates Inc	2647 Shale Road, Noble, IL	1219 Siniard Drive, Huntsville, AL	US	IL	AL
S1-707200563	S1-88592935	Internal Medicine Center	Internal Medicine Center	107 Howard Circle, Unit A, Greenville, NC	2812 13th Avenue, WA, Spokane	US	NC	WA
S1-129080146	S1-195181543	Arts Federation	Arts Federation	305 Route 711 Highway, East Wheatfield, PA	WI, 6635 Wagner's Vineyard Trail, Village Of Windsor	US	PA	WI
S1-163656769	S1-37290366	Stag LLC	Stag LLC	9 3B Second Street, Frederick, MD	10729 Lafayette Avenue, Shirley, IL	US	MD	IL
S1-283197107	S1-351910100	Pediatric Dental Partners	Pediatric Dental Partners	24491 122, Beaver, KY	909 Beach Drive, Oak Island, NC	US	KY	NC
