entity_id	business_name	business_address	country
S3-102855368	સન માર્કેટિંગ પ્રાઇવેટ લિમિટેડ	Sabar Kantha, GJ, C/o Taral Gujarabhai Lallubhai House, Sabar Kantha	India
S3-107167362	శక్తి బిజినెస్ లిమిటెడ్	3-159/15, Prapurna Enclave, Suchitra Circle, Jeedimetla Village, Rangareddy, null, Andhra Pradesh	India
S3-129060453	Ashley	Virginia, Rockbridge County, 40 Faircrest Drive	US
S3-131199121	Star Estate Private-Ltd	689, Fl Grd, Ganesh Murti, Nagar, Part 3, Gully No 21, Mumbai, महाराष्ट्र	India
S3-13165667	Áshley	40 Faircrest Drive, Rockbridge County, Virginia	US
S3-139200304	Figueroaevolution.Com	10212 Dunkelow Rd, Franksville, Wisconsin	US
S3-152515228	Deltavantagevera	8011 1/2 Meadows Ct, Saint Joseph, Indiana	US
S3-174019102	Kerala Center Partners Co	Khuntia Lane, Badambadi, Cuttack 12, Orissa	India
S3-175319361	@xmprime	Crescent St, Brooklny, New York	US
S3-193881446	Whitaker Northern LLC	4307 Hamilton Ave, Dallas, Texas	US
S3-218724101	B/N Pérféct LLC	522 Rogers Ave, Virginia, Hampton	US
S3-233482438	Philadelphia Supreme Surgical  Health Inc.	Tennessee, Philadelphia, 136D Green Trailer Park Road	US
S3-269489837	Foot Foot & Ankle	3345 Feltham Way, California, Rancho Cordova	US
S3-284177240	Bailey Ámeren Corporation	0017200 Falls Road, Uperco CITY, Maryland	US
S3-307064744	#13347 Glyphora Islands	8865 Baseline Rd, Unit 1301, Mesa Four Peaks, Arizona	US
S3-32942299	MGOC	M No-455, Kamlapur, Sangole, Solapur, Maharashtra	India
S3-336552679	Novex Inc. Shanghai,	1122. 107st Avenue, Omaha, Nebraska	US
S3-339250003	Milena Cáin National Black Co	Indiana, 23064 Vote Road, Batesville	US
S3-36086918	Eastern Glcaebl Private Limited	Witty International School, Pawan Baug Road, Off. S.v. Road, Adjacent To Techniplex, Malad West, Mumbai, MH	India
S3-383774890	Metr0politan Nexera		US
S3-383892636	Talking Sérvices (India) Pvt.	0038, Mig Vikas Nagar Dewas, Dewas, मध्य प्रदेश	India
S3-386272282	Just Trust Cgaritiabe	8-1-284/Ou/25., Lanco Hills, TG	India
S3-388485516	Calozeta Formerly Heartland Abony LLC	1218 4th Street, City Of La Crosse, WI	US
S3-419407729	Murali Fragrances	Bharathi Street, Sringeri, Chikmagalur, Chikamaglur, Karnataka	India
S3-442135963	Premio Phárma Llp	Flat No. 103, Tower B5, 11Th Floor Supertech Eco Village, Noida, Gautam Buddha Nagar, UP	India
S3-453913178	MC Raly Private Limited	A-122/690 B, Kanpur Nagar, UP, Shastri Nagar, Hans Nagar, Lajpat Nagar	India
S3-470295838	Synrizatavo	00105 5th Street, Rector, Arkansas	US
S3-478063053	Sai Impex Private  Limited	M-108, Gurgaon, Delhi, DL	India
S3-478499873	Lumara  Mercury	N10886 Town Hall Road, Maron, Wisconsin	US
S3-483952027	Sri Sun Marketing Prívate	C/o Taral Gujarabhai Lallubhai House, Sabar Kantha, Sabarkantha, GJ	India
S3-490684492	milena cain national black co		US
S3-494363929	M/s Aahana Poemss Private  Limited		India
S3-509924259	heartlandabony.com	1218 Fourth St, City Of La Crosse, Wisconsin	US
S3-511956955	Urgent Care Partners	1634 Prairie Ave, Unit 4, Chicago, Illinois	US
S3-513172698	Premio  Pharma LLP	Door No 103, Tower B5, 11Th Floor Supertech Eco Village, Noida, Gautam Buddha Nagar, UP	India
S3-529082312	Jackson &  LLC Majano	Madison County, Virginia, 151 1/2 Hartland Lakeview Drive, NULL	US
S3-545384604	Dovarizaio DBA: B/N Perfect LLC	522 Rogers Avenue, Hampton City, VA	US
S3-547089258	Ashley	40 Faircrest Drive, Fairfield, Virginia	US
S3-563241041	Shri Big &	Thane, Gala No. 2 Asha Niwas, Kalwa, महाराष्ट्र	India
S3-570344577	Synflux DBA: Eastern Heartland Angel LP	555 Main Street, Glastonbury, CT	US
S3-583333281	Glyphora Islands	8865 Baseline Road, Unit 1301, Mesa Four Peaks, Arizona	US
S3-607236414	স্বস্তিক কেয়ার	455 P. K. Guha Road 1 No Airport Gate, Kolkata, Calcutta, পশ্চিমবঙ্গ	India
S3-618261320	Scarlett Burdine, DDS Services	2602 Tucson St, Unit Suite 431, Broken Arrow, Oklahoma	US
S3-620322653	Philadelphia Surgical Supreme Health Inc. Commission #43878	136D Green Trailer Park Rd, Philadelphia, Tennessee	US
S3-622874584	footankle.com	3345 Feltham Way, Sacramento, California	US
S3-62886241	Swastik কেয়ার	H.no 455 P. K. Guha Road 1 No Airport Gate, Kolkata, Calcutta, WB	India
S3-644308299	Pranya Dass Private	8-604, Madanapalle, Cuddapah, AP	India
S3-647323443	Bailey-Ameren	0017200 Falls Road, Uperco CITY, Maryland	US
S3-647853581	Ashley Group	Virginia, Rockbridge County, 40 Faircrest Dr	US
S3-649951134	Footanklecenter.Com	3345 Feltham Way, Rancho Cordova, California	US
S3-650023025	Miramira trading as Whitaker Northern LLC	4307 Hamilton Avenue, Dallas, TX	US
S3-651645626	The Figueroa Evo1ution	Wisconsin, Village Of Caledonia, 10212 Dunkelow Road	US
S3-655500213	(LP) Morgan Trust	22414-22418 Elliot Ave, Toomah, Wisconsin	US
S3-67780646	Bailey Ameren Ltd	0017200 Falls Rd, Uperco CITY, Maryland	US
S3-695412249	Figueroa Evolution Inc.	10212 Dunkelow Road, Village Of Caledonia, Wisconsin	US
S3-720413375	स्टार एस्टेट प्राइवेट लिमिटेड	Mumbai, 689, MH, Fl Grd, Ganesh Murti, Nagar, Part 3, Gully No 21	India
S3-739672944	Lumara Mercury	Wisconsin, Maron, N10886 Town Hall Road	US
S3-742498686	Star Limited Private Estate	689, Fl Grd, Ganesh Murti, Nagar, Part 3, Gully No 21, Mumbai, MH	India
S3-747634613	স্বস্তিক কেয়ার	455 P. K. Guha Road 1 No Airport Gate, Kolkata, Calcutta, পশ্চিমবঙ্গ	India
S3-752735437	Vionyla	H.no.8-604, Cuddapah, Madanapalle, AP	India
S3-773799020	Aahana Pfrocrss Private  Limited	H.no:- 2-4-1053/4, Road No 4, Samathapuri Colony, Beside Bhavya Hospit, Al, Nagole, Ranga Reddy, TG	India
S3-785168805	Bailey Services	0017200 Falls Rd, Uperco CITY, Maryland	US
S3-78863633	Partners Care Urgent	1634 Prairie Avenue, Chicago, Illinois	US
S3-791165730	HEARTLAND ABONY LLC	1218 4th St, City Of La Crosse, Wisconsin	US
S3-795044435	Big &	Gala No. 2 Asha Niwas, Kalwa, Thane, MH	India
S3-79983553	Bailey  Ameren	Uperco CITY, 0017200 Falls Road, Maryland	US
S3-803920707	Basic Digital Private Ltd	Door No 32, Viva Mall Tower Near St Bus Deopt, P.p Marg, Virar West, Palghar, Thane, MH	India
S3-809458312	Reliable-Mobility Corporation	1410a 111th Ave, Unit Apartment 103, Mnineapolis Township, Minnesota	US
S3-814212886	PP	Flat No. 1103, Tower B5, 11Th Floor Supertech Eco Village, Noida, Gautam Buddha Nagar, Uttar Pradesh	India
S3-81710828	Orbyn Citizens of Rector Inc	00105 5th Street, Rector, Arkansas	US
S3-823090613	NK-Infrastructure L.L.P.	1-00A, Maharaja Nagar, Grandlyone, Vadakarai, Chennai, TN	India
S3-825968384	OF CITIZENS ORBYN RECTOR	00105 5th St, Rector, Arkansas	US
S3-834437093	Glyphora Islands	8865 Baseline Rd, # 1301, Arizona, Mesa	US
S3-840983010	Ventures Jay Clinic  Mind	#3Rd Floor, Cama Bldg, 24, Dalal Street, Fort, Mumbai City, Mumbai, MH	India
S3-849144072	Private Basic Digital Ltd	Shop No 32, Palghar, Thane, MH	India
S3-862266668	Novex Shanghai, Inc	107st Ave, Omaha, Nebraska	US
S3-863208128	infrastructurenk.com	No.1-00a, Chennai, TN	India
S3-867458999	Best	8011 Meadows Court, Fort Wayne, IN	US
S3-875191268	murali fragrances private limited limited	Bharathi Street, Chikmagalur, Chikamaglur, KA	India
S3-885545635	Metropolitan Nexera		US
S3-885898210	Ventures-Jay	3Rd Floor, Cama Bldg, 24, Dalal Street, Fort, Mumbai, Mumbai City, MH	India
S3-900989632	Foot & Ankle Center	3345 Feleham Way, Sacramento, California	US
S3-90184504	Aoshyl Group	40 Faircrest Drive, Rockbridge County, Virginia	US
S3-9051846	Al Private Limited Service	Office No.402, Thane, MH	India
S3-909177759	Aahana Process Private Ltd	Ranga Reddy, Road No 4, Samathapuri Colony, Beside Bhavya Hospit, Al, TG, Nagole, H.no:- 2-4-1053/4	India
S3-934593258	Ectonovi	00105 5th Street, Rector, Arkansas	US
S3-948485228	T D Advantage (Services)		US
S3-952311626	আনন্দ টেকনোলজিস প্রাইভেট লিমিটেড	6/83/C. Bijoygarh, Calcutta, WB	India
S3-974049273	Figueroa  Services	10212 Dunkelow Road, Village Of Caledonia, Wisconsin	US
S3-978219269	શિવ ટેક્નોલોજીસ પ્રાઇવેટ લિમિટેડ	Ahmadabad, Door No 1 Ahmedabad Audyogik Vasahatdudheshwar Road Dhobighat, Ahmedabad, GJ	India
S3-990607119	Sri Al Producer Privae Limited	Office No.402, Thane, MH	India
